Video ID,Title,Duration,Views,Captioned,ASR Languages,Edited Languages
m2rCpXnyCnY,Overlaying a Record,00:02:31,184,true,en,en
8ccPVkzMSOo,Sinopia Middleware Demo; Early Fall 2021 Work Cycle,00:09:01,122,false,en,""
uih5JuQnYuo,IIIF drag &#39;n drop features in Stanford University Library online catalog,00:00:49,3304,false,"",""
SFHwqC47UwA,How To Search for Orders in FOLIO,00:05:11,46,true,en,en
OvnG-GgHm64,Embed Viewer Sprint 2,00:03:46,10,false,en,""
eAZLMOYuRLA,"Depositing from Stanford&#39;s Oak, Sherlock and GDrive to the Stanford Digital Repository using Globus",00:01:24,57,true,en,en-US
p-jI5hMaBwY,Display Setup in OCLC Connexion Client (Stanford FOLIO Training),00:14:23,274,true,en,en
es683qD_K8Y,Support for complex data deposits to the Stanford Digital Repository,00:01:37,107,true,en,en
mOEk1TlpPVQ,SearchWorks Fall 2018 IIIF Demo,00:01:50,13,false,en,""
JIKq1Sz7uSg,Mirador 3  - Stanford viewer  - Navigation basics tutorial,00:05:05,415,true,en,en
ZyJ2wzzzunc,Spotlight - Exhibit Request Demo,00:01:35,407,false,en,""
bE0yPgSS34Y,FOLIO  Advanced Inventory training with Charlotte Whitt,01:40:56,130,false,en,""
jBrwenQYoeU,Sinopia Sprint 6 Demo,00:02:01,40,false,en,""
HSwc61ATaj8,"Export, Edit, Import",00:05:41,221,true,en,en
qPJtgajJ4ic,How to create a new exhibit with Spotlight,00:08:05,2914,false,en,""
sR5ejVLCDOc,Inventory app search basics,01:01:50,326,true,en,en
UD57tM3HRZM,Sinopia Middleware Final Work Cycle Demo: Symphony integration and FOLIO integration (Sinolio),00:05:17,341,false,en,""
8uqf8NqnUbE,Sinopia Sprint 13 Demo,00:02:57,47,false,en,""
2wD6FqNFGTk,Presentation Demo Sprint 7,00:05:21,195,false,en,""
AUmbQtWLHGg,GeoBlacklight Feature Demo 0 4 1,00:16:01,312,false,en,""
ZyJ2wzzzunc,Spotlight - Exhibit Request Demo,00:01:35,407,false,en,""
ZEDDpLQvBdM,Mirador 3 - Stanford viewer - Searching textual objects tutorial,00:05:18,449,true,"",en
jBrwenQYoeU,Sinopia Sprint 6 Demo,00:02:01,40,false,en,""
HSwc61ATaj8,"Export, Edit, Import",00:05:41,221,true,en,en
8uqf8NqnUbE,Sinopia Sprint 13 Demo,00:02:57,47,false,en,""
SiMhuthzKT0,How to use the Embed + Text Widget,00:02:36,109,true,en,en
8uqf8NqnUbE,Sinopia Sprint 13 Demo,00:02:57,47,false,en,""
QE_tKv4HErc,"Noh Theater Demo, July 30, 2018",00:02:05,9,false,en,""
AUmbQtWLHGg,GeoBlacklight Feature Demo 0 4 1,00:16:01,312,false,en,""
Mat6Pqd3V7A,"Histonets Demo 1 - June 26, 2017",00:05:35,32,false,en,""
TGDeDbVzEbM,Sinopia Sprint 20 Demo,00:03:46,55,false,en,""
QE_tKv4HErc,"Noh Theater Demo, July 30, 2018",00:02:05,9,false,en,""
NZnalLc5wL4,"Sinopia Release 3.3 and 3.4 (Work Cycle 3, Sprint 3)",00:04:56,80,false,en,""
Pp6CWU4I-ww,H2 Work Cycle 2023 Demo Video,00:06:01,32,true,en,en-US
zjS4LNlDJNw,Google Books Workcycle 2020 - Demo Video 1,00:09:07,38,false,en,""
NZnalLc5wL4,"Sinopia Release 3.3 and 3.4 (Work Cycle 3, Sprint 3)",00:04:56,80,false,en,""
Pp6CWU4I-ww,H2 Work Cycle 2023 Demo Video,00:06:01,32,true,en,en-US
zjS4LNlDJNw,Google Books Workcycle 2020 - Demo Video 1,00:09:07,38,false,en,""
aQKiFsP2wiY,"Histonets Demo 3 - July 10, 2017",00:04:12,13,false,en,""
PMNFelow2Vg,Vatican Work Cycle 2018   I,00:05:06,31,false,en,""
jlilLhQfQJs,Sinopia Sprint 10 Demo,00:08:29,62,false,en,""
4TCdKO7JGsA,Bento Search Sprint 3 Demo,00:01:48,5,false,en,""
ZEDDpLQvBdM,Mirador 3 - Stanford viewer - Searching textual objects tutorial,00:05:18,449,true,"",en
4u3yzmNWeqs,SearchWorks Demo For 2017-07-24,00:02:05,134,false,en,""
ZlBGZLjDBVo,"Sinopia Release 3.4.1 and 3.5.0 (Work Cycle 3, Sprint 4)",00:05:02,194,false,en,""
CmOzrQIwMQk,DLME Early 2019 Workcycle Sprint 1 Demo,00:09:05,41,false,en,""
i2yLNLp4_4g,"Spotlight/Virtual Tribunals Sprint 2 Demo, December 19, 2017",00:04:40,10,false,en,""
vcksUpdkmaM,"Nuremberg Trial Archives in Arclight, Sprint 3 Demo",00:13:49,21,false,en,""
HNRfOsoOrjI,"Histonets Demo 2 - July 3, 2017",00:03:30,15,false,en,""
PMNFelow2Vg,Vatican Work Cycle 2018   I,00:05:06,31,false,en,""
tiO5RUZxgGs,SDR-Preservation Core Demo 1,00:05:47,30,false,en,""
qheinb5Z9zw,Vatican Work Cycle 2018 - Sprint Demo 3,00:03:31,33,false,en,""
eRNJPkiDAEU,Sinopia Sprint 1 Demo,00:07:44,114,false,en,""
IVSi1s-HaVo,Exhibits   Final Demo Winter 2020,00:08:45,24,false,en,""
QrhIftU9GXg,Digital Library Systems: The Basics,00:57:26,603,false,en,""
BqIKpimMsb4,DLME April 2020 Workcycle Demo,00:16:52,35,false,en,""
7jhKVI0FC-s,Sprint 13 Preservation Demo,00:04:16,14,false,en,""
gvFuy3WyUlQ,SpotlightServiceCommunityCall demo1 14Aug2020,00:19:16,36,false,en,""
mfQU82dBhWc,Spotlight/Virtual Tribunals Sprint 11 Demo,00:04:21,10,false,en,""
nhxPp1Tn5-g,Vatican Work Cycle 2018   II,00:04:21,25,false,en,""
pXigLJxQsxs,DLSS Media Streaming Enhancement: Sprint 1 Demo,00:03:49,49,true,en,en
diYTGlXv7AA,SearchWorks Fall 2018 Sprint 2 Demo,00:14:17,19,false,en,""
-W7b2s1x5e4,Sinopia Sprint 9 Demo,00:04:30,31,false,en,""
78RMKK--6TM,Spotlight Service Community Call - demo 3 - 12 February 2021,00:24:05,31,false,en,""
Pe7b2YjvUZ4,H2 WC4 Sprint 2 Demo,00:02:31,24,false,en,""
65L3NCsuYUY,"Noh Theater Demo #1: Oct. 30, 2017",00:07:12,62,false,en,""
DuNGzJ1OKQM,SDR-Preservation Core Demo 2,00:02:40,7,false,en,""
QJ2N_Lycmo0,SearchWorks Fall 2018 Sprint 4 Demo,00:09:48,13,false,en,""
I_hg3NYY46o,Course Reserves FOLIO training,00:44:36,195,true,en,en
qteJfQGEfdI,"Histonets Demo 5 - July 24, 2017",00:03:43,19,false,en,""
DWGXdkpiAW8,Editing Main Menu Labels,00:01:34,87,true,en,en
hD9QBurUfH4,SpotlightServiceCommunityCall 12Apr2019,00:23:58,41,false,en,""
AkchUzidCSc,Stanford Libraries Blacklight Summit Demo 2020,00:06:21,94,false,en,""
DeONvF_4mrU,FRDA Summer 2016 Work Cycle Demo,00:05:31,50,false,en,""
bwYrH26mI9M,SearchWorks Fall 2018 Sprint 6 Demo,00:05:06,8,false,en,""
i07hVzRw8cE,SearchWorks Fall 2018 Sprint 5 Demo,00:05:55,21,false,en,""
tASA5qM6IFo,Argo page design preview,00:09:28,78,false,en,""
kNX_JDEftRU,Sinopia Release 1.1.0 Demo,00:09:46,46,false,en,""
uYJGP8HpZr8,SpotlightServiceCommunityCall 9Nov2018,00:34:36,14,false,en,""
VD3CWWNZ5iU,"Sinopia API (Work Cycle 3, Sprint 3)",00:03:25,75,false,en,""
MQ7TPIqMzPE,Sinopia Sprint 3 Demo,00:04:51,70,false,en,""
lQSBUHaQoDU,SearchWorks Demo - 2017-08-07,00:03:11,55,false,en,""
XjBFmBE3Pck,LD4P2 Knowledge Panels Work Cycle Demo,00:13:00,139,false,en,""
a2wbNu9G61c,DLME Spring 2022 Workcycle: Sprint 2 Demo,00:08:51,36,false,en,""
g_83wone5Uk,"Spotlight/Virtual Tribunals Sprint Demo 1, December 11, 2017",00:05:05,38,false,en,""
HxQ6khYqezU,Spotlight Sprint 6 Demo,00:12:21,117,false,en,""
l25_TWTV1uE,Spotlight Sprint 8 Demo,00:09:36,179,false,en,""
vCmZfHMkBas,Sinopia 3.10.0 and 3.11.0 demo,00:13:07,55,false,en,""
qjZl9t3SVj8,"Spotlight Virtual Tribunals Sprint 5 Demo, January 23, 2018",00:05:08,8,false,en,""
Qoue0bufoz8,Stanford Embed - Sprint 2-3,00:05:51,9,false,en,""
2SWVRX_KcQE,Demo of Accept headers and whole object downloads from Digital Stacks,00:04:18,10,false,en,""
tl0xQbR08_4,How to Get Pages to Show Up on the Main Menu,00:01:35,97,false,en,""
MkkcxBBAj0w,ArcLight@SUL 2024 Work Cycle Demo Video,00:09:31,27,true,en,en
bvqypa1YC_E,GeoBlacklight v0.6.0 / EarthWorks Demo,00:07:51,74,false,en,""
v5j8kzg0WDM,Spotlight on Spotlight Follow up,00:40:16,23,true,en,en-US
70H_Nvr4LpU,SDR Preservation 1.0 Demo,00:05:30,17,false,en,""
B_o4NLewt5g,Withdrawing an Item,00:10:42,116,true,en,en
_gqOos6iZCU,SpotlightServiceCommunityCall 11Jan2019,00:26:29,10,false,en,""
5ZTEuBQ_ad4,DLME   Winter 2021 - Sprint 3 Demo,00:12:23,34,false,en,""
vOfcpd9w0fQ,Sinopia Release 1.0 Demo,00:21:28,260,false,en,""
lQSBUHaQoDU,SearchWorks Demo - 2017-08-07,00:03:11,55,false,en,""
VD3CWWNZ5iU,"Sinopia API (Work Cycle 3, Sprint 3)",00:03:25,75,false,en,""
MNOwnDvCad8,SpotlightServiceCommunityCall demo1 8Feb2019,00:18:16,17,false,en,""
AEjWo_KPKMg,SpotlightServiceCommunityCall 13Jul2018,00:19:11,42,false,en,""
8BqWSEmOK3g,Spotlight Sprint 2 Demo,00:16:04,139,false,en,""
ZBeh1sEcY4c,POD 2022 Workcycle: Sprint 1 Demo,00:05:23,86,false,en,""
cxZcweBcAzM,SearchWorks Demo - 2017-08-21,00:03:11,13,false,en,""
TFfCr9AsgmA,SearchWorks Fall 2018 Sprint 7 &amp; 8 Demo,00:10:15,20,false,en,""
4S0iRzvdk5M,Spotlight Sprint 4 Demo,00:11:27,92,false,en,""
Sy4I7eQmRqQ,Searchworks Performance &amp; Indexing Sprint 0 Demo,00:21:49,60,false,en,""
kkyMIuFJgj8,Sinopia Sprint 0 Demo,00:08:07,196,false,en,""
MNOwnDvCad8,SpotlightServiceCommunityCall demo1 8Feb2019,00:18:16,17,false,en,""
4mhceEZBIo0,SDR PURL + Metrics Work Cycle Sprint 2 Demo Video,00:01:58,9,true,en,en-US
7ZiQsanvgHQ,DLSS PURL + Metrics Work Cycle Final Demo Video,00:04:15,11,true,en,en-US
n_RG6YAhFFs,GeoBlacklight Sprint 4 &amp; 5 Demo,00:08:31,37,false,en,""
qTv33JqUoH8,Spotlight Sprint 7 Demo,00:09:26,232,false,en,""
vOfcpd9w0fQ,Sinopia Release 1.0 Demo,00:21:28,260,false,en,""
IeiQ1b56Cqs,Sinopia version 3.15 demo,00:08:37,290,false,en,""
KlNs9z5YdyY,Introduction to Reactive Stream Processing,00:30:11,107,false,en,""
c-Go9SNdf3M,GeoBlacklight/EarthWorks Sprint 3 Demo,00:03:04,70,false,en,""
cxZcweBcAzM,SearchWorks Demo - 2017-08-21,00:03:11,13,false,en,""
gJNHl8kbvs8,SpotlightServiceCommunityCall demo2 9Aug2019,00:21:08,15,false,en,""
TFfCr9AsgmA,SearchWorks Fall 2018 Sprint 7 &amp; 8 Demo,00:10:15,20,false,en,""
JBE3tvlIOUk,Sprint5 Demo,00:28:04,18,false,en,""
4S0iRzvdk5M,Spotlight Sprint 4 Demo,00:11:27,92,false,en,""
qTv33JqUoH8,Spotlight Sprint 7 Demo,00:09:26,232,false,en,""
W-c0_i2GF-w,Spotlight Service Community Call demo   9July2021,00:37:52,36,false,en,""
5vpiyxlXglA,Lighting the Way - Working Meeting Overview,00:13:22,140,false,en,""
g5qP9T-88_A,SpotlightServiceCommunityCall demo2 11Sept2020,00:24:19,41,false,en,""
s9tL39UrLxw,SpotlightServiceCommunityCall demo2 8Feb2019,00:17:31,42,false,en,""
gJNHl8kbvs8,SpotlightServiceCommunityCall demo2 9Aug2019,00:21:08,15,false,en,""
KlNs9z5YdyY,Introduction to Reactive Stream Processing,00:30:11,107,false,en,""
eyVAT5KG79s,EarthWorks GeoBlacklight Demo - Winter 2018,00:06:44,43,false,en,""
TlCfPLi1YQE,SDR Preservation Sprint 6,00:06:06,13,false,en,""
I2BFyQVeYnc,Sinopia 3.12 - 3.14 demo,00:25:30,117,false,en,""
hOBtGQGZXWk,Editing MARC,00:06:37,221,true,en,en
tfovRjZUCL4,Preservation Sprint 9,00:06:25,14,false,en,""
2DpkLsSd3Mc,GeoBlacklight/Earthworks Sprint 1 &amp; 2 Demos,00:11:26,99,false,en,""
v32_PcFWttg,Sinopia Sprint 14 Demo,00:04:01,116,false,en,""
4ah7S8emq14,"How to Turn On &amp; Off, Rename, and Reorder Facets",00:02:25,57,false,en,""
JBE3tvlIOUk,Sprint5 Demo,00:28:04,18,false,en,""
hrI1U6VDB7c,Web Archiving Crawl Download Automation Demo 3,00:03:30,55,false,en,""
pnpqiIDXHHw,Spotlight Sprint 5 Demo,00:09:42,137,false,en,""
dGI191csHeg,RIALTO Development Website Demo Video,00:06:33,68,false,en,""
R-TYtzcGiI4,Pub Team Sprint 5 Demo,00:02:01,18,false,en,""
-tF3DZzLsxw,Spotlight Service Community Call - demo 2 - 12 February 2021,00:07:16,27,false,en,""
utq-_Fdg6Yw,H2 Sprint 2 Demo,00:06:41,25,false,en,""
jRKeD3g-em0,SpotlightServiceCommunityCall 4May2018,00:43:06,19,false,en,""
ka6fo5yQRzY,SpotlightServiceCommunityCall demo1 9Aug2019,00:16:59,16,false,en,""
MsnaT9XpDOE,DLME Access Team Final Demo,00:22:23,54,false,en,""
6Ked_ScrCWI,Spotlight Service Community Call - demo - 10 Sept 2021,00:33:02,40,false,en,""
LlF0uJe5tr8,"Diacritics, special characters and macros",00:28:18,92,true,en,en
WiVAYgqHkY0,DLME Access Team Sprint 1 Demo,00:08:34,23,false,en,""
pPNJQKU_8dU,Wallscreens - Sprint #2 Demo,00:05:01,28,false,en,""
NtnWbqQnCoA,H2 Work Cycle 2022 Sprint 3 Demo,00:05:39,39,false,en,""
Ws1N5VGMLF8,TACO Sprint 3 Demo,00:12:23,10,false,en,""
TekAzK0_Oxw,Sinopia Sprint 16 Demo,00:05:57,67,false,en,""
x0Re5XoirJU,SearchWorks Fall 2018 Sprint 3 Demo,00:05:39,17,false,en,""
wR0gJuJmP0Y,DLSS Media Player Demo,00:04:00,149,true,en,en
7p6GQA7ELfg,SpotlightServiceCommunityCall 14Feb2020,00:32:58,32,false,en,""
iOqLRjorEks,Spotlight on Spotlight Community Summit - Session 3,00:33:12,27,true,en,en-US
vMBQj54EYwg,BAV / Parker Phase 2 Sprint 2 Demo,00:02:55,22,false,en,""
ogSB47PdYjA,Searchworks Indexing &amp; Performance Sprint 3 Demo,00:26:23,26,false,en,""
e4144oq3iUI,Exhibits - Winter 2021 - Final Demo,00:14:44,33,false,en,""
oRgCXxynljg,"Histonets Demo 7 - August 14, 2017",00:04:27,11,false,en,""
-tF3DZzLsxw,Spotlight Service Community Call - demo 2 - 12 February 2021,00:07:16,27,false,en,""
VATmIhSmh6s,Web Archiving Crawl Download Automation Demo 2,00:04:20,44,false,en,""
NtnWbqQnCoA,H2 Work Cycle 2022 Sprint 3 Demo,00:05:39,39,false,en,""
EZ9p0srxTCo,SDR Preservation Sprint 5,00:03:06,9,false,en,""
cMtWJi-79S8,TACO Sprint Demo - 04-06-2018,00:17:20,2,false,en,""
JhSncav-cPU,Preservation Sprint 8 Demo,00:08:21,13,false,en,""
IAekfhmqB2g,Sinopia Release 1.3.0 Demo,00:11:53,26,false,en,""
EZ9p0srxTCo,SDR Preservation Sprint 5,00:03:06,9,false,en,""
HAw_n-r2kJM,Spotlight/Virtual Tribunals Final Demo,00:39:15,90,false,en,""
jqAwQ8ln9PQ,Spotlight/Virtual Tribunals Sprint 8-9 Demo,00:19:38,38,false,en,""
6FcNaipZV2M,"Sinopia Release 3.1.0 (Work Cycle 3, Sprint 1)",00:12:35,71,false,en,""
U5eKkGC-5vY,LD4P tracer bullet 1 - demo 1,00:05:55,51,false,en,""
r4Po8sdkZOc,Spotlight on Spotlight Community Summit - Session 2,00:45:51,29,true,en,en-US
q4PN7AiuLP0,Spotlight Sprint 12 Demo,00:08:00,53,false,en,""
VW4Gu4k0pes,TACO Sprint 1 Demo,00:15:51,16,false,en,""
4QU9ta9GmPc,Wallscreens - Sprint #5 Demo - Final,00:11:11,90,false,en,""
IV_24mzIr9M,Preservation Sprint 18 Demo,00:10:56,9,false,en,""
VATmIhSmh6s,Web Archiving Crawl Download Automation Demo 2,00:04:20,44,false,en,""
OxP6OOc5kbo,LD4P Data Pipeline Sprint 0 Demo,00:08:18,30,false,en,""
gnQk1QwP85s,Spotlight Virtual Tribunals Sprint 12 Demo,00:09:01,19,false,en,""
8N0Wba8NiJ4,H2 Sprint 3 Demo,00:08:50,16,false,en,""
29BcOpwfIXA,"Parker 2.0 Sprint 8 Demo, November 27, 2017",00:04:52,16,false,en,""
KjFXCCSH9L0,SpotlightServiceCommunityCall demo2 14Aug2020,00:16:19,26,false,en,""
bkiKKReBiO0,System Status Dashboard Demo,00:12:57,143,false,en,""
r7YHherl9o0,"Nuremberg Trial Archives in Arclight, Sprint 2 Demo",00:16:30,43,true,en,en
-vnKSrOjjH4,Wallscreens - Sprint #3 Demo,00:05:27,31,false,en,""
Aq0gg_PBMp0,SpotlightServiceCommunityCall demo2 10Jul2020,00:18:59,16,false,en,""
QcJmNAauuUM,SpotlightServiceCommunityCall 6Apr2018,00:40:10,32,false,en,""
oR-kcW9mWcs,DLME - Winter 2021 - Demo 1,00:09:16,100,false,en,""
R7p1RYaN6b0,H2 WC4 Sprint 3 Demo,00:03:34,24,false,en,""
hl96vTWCV5M,dorindexing sprint demo,00:06:08,16,false,en,""
qsr8k5swuP8,"H2 Sprint 1 Demo, Workcycle 2 (2021)",00:06:55,12,false,en,""
JwMVjc6fF6E,SearchWorks Fall 2018 Presentation of digital content Demo,00:04:34,16,false,en,""
du9epwp-8og,H2 Work Cycle 2022 Sprint 2 Demo,00:06:39,34,false,en,""
G2994vbDgxM,Media Team Sprint 3 Demo,00:05:31,24,false,en,""
y-3wlN4Fz3g,SpotlightServiceCommunityCall 2Mar2018,00:46:15,149,false,en,""
LAoTIdP2Gsk,Spotlight Sprint 1 Demo,00:22:15,613,false,en,""
EbzHb31kpYo,Preservation Sprint 14 Demo,00:06:16,7,false,en,""
WG18ywKEB6A,SpotlightServiceCommunityCall 10Aug2018,00:31:22,22,false,en,""
7_yliTkFmWI,Spotlight/Virtual Tribunals Sprint 13 Demo,00:14:33,12,false,en,""
BvdKcVnxg9o,H2 WC3 Sprint 3 Demo,00:08:00,11,false,en,""
8Y7e8J5fVVI,"Nuremberg Trial Archives in Arclight, Sprint 4 Demo",00:08:03,25,false,en,""
FM7WoZ5iCcA,"Noh Theater Demo, Sep. 24, 2018",00:01:17,3,false,en,""
kFd7JDDZR8g,Argo Demo Sprint 4,00:10:51,40,false,en,""
4wdn0s8pRXg,Wallscreens - Sprint #4 Demo,00:07:02,19,false,en,""
hht8Kjg5vQo,Preservation Sprint 11,00:07:12,16,false,en,""
wZmXP5DxFPk,LD4P Reset Sprint Final Demo,00:16:46,26,false,en,""
YblSo5aHygc,Preservation Sprint 15 Demo,00:06:30,6,false,en,""
sYIhLTwjXos,"Noh Theater Demo, Oct. 1, 2018",00:03:17,8,false,en,""
tjBDBJHXr0A,FOLIO Circulation Log Training,00:42:54,217,true,en,en
ZFc5kkr8sXE,SDR Infrastructure Workcycle - Fall 2019 - Video 1,00:07:15,9,false,en,""
2leWm0RM1oU,TACO Sprint Demo,00:08:36,2,false,en,""
0315PmP9mKg,H2 Sprint 2 Demo 2021,00:07:23,16,false,en,""
xaRTYx-LZWA,Exhibits   Winter 2021   Sprint 1 Demo 2,00:15:50,9,false,en,""
n44N8-n7-4k,Sinopia Sprint 4 Demo,00:16:56,42,false,en,""
tk9vsPpdcw0,RIALTO Terraform Demo,00:12:52,50,false,en,""
KeX2Hlm3b8w,Spotlight Sprint 2 - Summer 2016,00:09:05,83,false,en,""
7c1PBPE6DR8,H2 Sprint 1 Demo,00:05:41,25,false,en,""
lXXhc8HFB6s,LD4P - tracer bullet demo 3,00:06:51,18,false,en,""
ehB9oGoLCCg,Preservation Sprint 16 Demo,00:11:26,14,false,en,""
Um6U96WF4aE,Exhibits   Winter 2021 - Sprint 1 Demo,00:13:49,7,false,en,""
wrPNB79l_ZQ,Sul-Pub Sprint 1,00:03:56,29,false,en,""
DqvDwXHf9Kg,Spotlight Virtual Tribunals Sprint 6 Demo,00:07:23,15,false,en,""
hmu68_ylvhs,DLSS Media Streaming Enhancement: Sprint 2 Demo,00:04:01,18,true,en,en
5twLVpXZyWo,SpotlightServiceCommunityCall demo1 8Mar2019,00:24:14,14,false,en,""
qJkgqpXFDjM,"Nuremberg Trial Archives in Arclight, Sprint 5 Demo",00:09:41,54,false,en,""
sWnK4lkCBEk,Exhibits   Sprint 2 Demo,00:15:33,14,false,en,""
okztvPEWY5c,Sinopia Sprint 18 demo,00:07:15,72,false,en,""
2bvc_qe0Axs,LD4P Tracer Bullet 1 demo 6,00:01:46,18,false,en,""
Gh1IwVlltsY,Bento Search Sprint 2 Demo,00:04:24,19,false,en,""
BHDKLy2moYk,SDR-Preservation Core Demo 3,00:08:21,14,false,nl,""
X5hMOQ1rI1Q,LD4P Tracer Bullet Demo 4,00:04:15,33,false,en,""
mi7lO0Sew1k,SUL-CAP Sprint 2,00:04:36,12,false,en,""
lCiCqeNj7Ow,Bento Search Sprint 1 Demo,00:24:39,82,false,en,""
FfDfKgOGYqk,"Noh Theater Demo, Dec. 11, 2017",00:00:38,5,false,en,""
9UFntlUvE6A,SpotlightServiceCommunityCall demo1 10Jul2020,00:17:53,21,false,en,""
m3Iw6ESmCRg,H2 Sprint 3 and Workcycle End Demo 2021,00:12:18,38,false,en,""
xnZv3atcGrw,Spotlight Service Community Call - demo 1 - 12 February 2021,00:06:20,56,false,en,""
Q66t89btL1M,GIS / EarthWorks Demo - Summer 2020,00:28:02,40,false,en,""
Wo3xKKzFkbg,Sinopia versions 3.8.0 and 3.9.0 demos,00:09:10,61,false,en,""
xnZv3atcGrw,Spotlight Service Community Call - demo 1 - 12 February 2021,00:06:20,56,false,en,""
Q66t89btL1M,GIS / EarthWorks Demo - Summer 2020,00:28:02,40,false,en,""
Wo3xKKzFkbg,Sinopia versions 3.8.0 and 3.9.0 demos,00:09:10,61,false,en,""
GXF4SiuzzwQ,Preservation Sprint 10,00:06:25,15,false,en,""
GOYvsmSEKHA,SDR-Preservation Demo 4,00:08:46,4,false,en,""
d_JiOtC_99s,Sprint 6 Infrastructure Maintenance Demo,00:03:46,9,false,en,""
NDTZgcRsGgo,SpotlightServiceCommunityCall demo2 8Mar2019,00:13:33,25,false,en,""
njkdiBJbSjQ,Sprint7 Demo (Final Sprint in Work Cycle),00:19:25,13,false,en,""
svzCGwtIfGE,Exhibits - Sprint 4 demo,00:15:17,11,false,en,""
7Rhu15jgLXo,Sinopia Releases 1.5.0 and 1.6.0 Demo,00:15:43,50,false,en,""
xtoT-iImQlg,SUL-PUB Fall 2017 Workcycle - Demo for Sprints 1 &amp; 2,00:04:46,9,false,en,""
9776YI-HgJg,DLME - Winter 2021 - Sprint 2 Demo,00:15:43,16,false,en,""
0S1TIqcrtHc,Binding and Repair (for access staff),00:45:57,76,true,en,en-US
25kB3qoGDYw,Media Sprint 9 Demo,00:07:47,16,false,en,""
c1Nzcb-lz9g,SpotlightServiceCommunityCall 8May2020,00:08:15,10,false,en,""
y239PhfUlFY,SulPub Sprint 3,00:05:36,15,false,en,""
OC0I9918leM,H2 Work cycle 2022 Sprint 1 Demo,00:08:41,39,false,en,""
NQGcCMIVcHY,Hydrox Sprint 2 &amp; 3 Demo,00:06:27,13,false,en,""
42S9uMjbgvg,"Noh Theater Demo, Dec. 4, 2017",00:05:41,9,false,en,""
3Ih8bQVZ2ao,SpotlightServiceCommunityCall demo1 11Sept2020,00:24:27,22,false,en,""
Eo6M15vCNPI,SpotlightServiceCommunityCall demo1 7Jun2019,00:17:51,25,false,en,""
dUYaqAKLSQc,"Noh Theater Demo, Sep. 10, 2018",00:04:04,7,false,en,""
GL_yDmcQ8x0,Spotlight/Virtual Tribunals Sprint 15 Demo,00:06:41,9,false,en,""
0t0_OFB4uac,H2 WC3 Sprint 1 Demo,00:12:30,20,false,en,""
eqrHDI_3wQw,"Noh Theater Demo, Nov. 27, 2017",00:04:36,6,false,en,""
h0Uc1aEOn4U,"Requests - recalls, holds &amp; pages",01:14:13,136,false,en,""
14QB23sQcuQ,H2 WC4 Sprint 1 Demo,00:04:39,12,false,en,""
Pwqmwy5dSO4,H2 WC3 Sprint 2 Demo,00:08:41,22,false,en,""
3usVG_K4JqY,LD4P Authorities: keys and real world objects,00:00:00,0,false,"",""
wG66tucdG9k,Preservation Sprint 17 Demo,00:06:51,8,false,en,""
brcPEq0oBEY,Some test event,00:00:16,7,false,"",""
s8O8wA8RP5A,LD4P - tracer bullet 1 -  demo 2,00:09:46,46,false,en,""
_21685WlIKs,Preservation Sprint 19 Demo,00:00:00,0,false,"",""
UHkiBPk8Bl4,Enumeration,00:11:49,138,true,en,en
OC0I9918leM,H2 Work cycle 2022 Sprint 1 Demo,00:08:41,39,false,en,""
s8O8wA8RP5A,LD4P - tracer bullet 1 -  demo 2,00:09:46,46,false,en,""
_21685WlIKs,Preservation Sprint 19 Demo,00:00:00,0,false,"",""
UHkiBPk8Bl4,Enumeration,00:11:49,138,true,en,en
BtmsSmL7aVo,"Parker 2.0 Sprint 7 Demo, November 20, 2017",00:05:55,30,false,en,""
VREy-GKBrug,"Noh Theater Demo, Feb. 27,  2018",00:13:57,20,false,en,""
pXsp6Iud2Vo,Media Sprint 10 Demo,00:08:45,29,false,en,""
k47wzQjDTJc,Media Sprint 4 Demo,00:08:56,15,false,en,""
BtmsSmL7aVo,"Parker 2.0 Sprint 7 Demo, November 20, 2017",00:05:55,30,false,en,""
Fz16f2V0EKc,Pub Team Sprint 4 Demo,00:06:35,15,false,en,""
o95aAYdTri4,Sinopia Test Run,00:01:32,5,false,en,""
EcWgdOcY81E,Spark/Kafka introduction,00:00:00,0,false,"",""
dnKjIPLDBiM,"Parker 2 0 Sprint 5 Demo, November 6, 2016",00:03:48,11,false,en,""
scbM3_mmAjA,"Noh Theater Demo, Nov. 6, 2017",00:04:43,4,false,en,""
o0ctOwZRK68,Sinopia Sprint 4 Demo,00:00:00,0,false,"",""
k47wzQjDTJc,Media Sprint 4 Demo,00:08:56,15,false,en,""
8PJsaWAEqhc,"Noh Theater Demo, Oct. 31, 2018",00:06:15,38,false,en,""
XW4ThfzMiXg,"Parker/Spotlight Sprint 1 Demo, October 2, 2017",00:07:36,70,false,en,""
fw7v8z3GyCc,SUL-PUB Fall 2017 Workcycle - Demo for Sprints 7-10,00:00:00,0,false,"",""
dahdRoMOT7Q,Sinopia Release 1.4.1 Demo,00:14:50,31,false,en,""
laYSz5h8SMY,Hydrox Sprint 1 Demo,00:06:41,35,false,en,""
ZkTj74VuaxQ,POD 2022 Workcycle: Sprint 2 Demo,00:07:16,62,false,en,""
abttHnlcLsc,User app training part one,00:08:10,84,true,en,en
HMnhsLtS6BU,"Noh Theater Demo, Jan 29, 2018",00:02:44,4,false,en,""
MBiwBPUV6QQ,Exhibits - Sprint 1 Demo,00:07:57,27,false,en,""
Kh8jUp1cuGE,Data Commons 2022-2023 Work Cycle Demo Video,00:05:26,118,true,en,en
MBiwBPUV6QQ,Exhibits - Sprint 1 Demo,00:07:57,27,false,en,""
Kh8jUp1cuGE,Data Commons 2022-2023 Work Cycle Demo Video,00:05:26,118,true,en,en
yHRFf0f8h3Q,Media Sprint 8 Demo,00:06:50,19,false,en,""
ih4mkzQuHHE,Preservation Sprint 19 Demo,00:05:11,6,false,en,""
iPsErwM4H38,Media Sprint 7 Demo,00:05:36,13,false,en,""
gD9fCOWrdjM,Exhibits - Sprint 3 Demo,00:04:28,17,false,en,""
dHhHR26o8XM,SUL-PUB Fall 2017 Workcycle - Demo for Sprints 3 &amp; 4,00:05:11,7,false,en,""
TVq8Gh_mfSA,The Digital Production Group digitizes the New York Weekly dime novel,00:00:48,50,false,"",""
Zt0wQsGMPjc,SpotlightServiceCommunityCall demo 8Nov2019,00:29:41,62,false,en,""
GvPwbhp4Nn0,H2 Sprint 0 Demo,00:06:11,47,false,en,""
3XJz6DkYBtg,"Noh Theater Demo, Aug. 21, 2018",00:06:13,22,false,en,""
8MfftZIIfX0,POD 2022 Workcycle: Final Demo,00:08:03,49,false,en,""
4erAfUJIweI,LD4P Tracer Bullet Demo 5,00:04:41,15,false,en,""
8KK6dsY_c9k,"Noh Theater Demo, Sep. 4, 2018",00:04:12,7,false,en,""
pT3wXIPkVHc,How to Turn On or Off Facets on the Home Page,00:01:26,259,false,en,""
ztxu3vNFdmM,POD 2022 Workcycle: Sprint 3 Demo,00:11:39,48,false,en,""
WpNLRmBy64s,POD 2022 Workcycle: Sprint 4 Demo,00:11:52,31,false,en,""
ZEfgRXGxsGc,RIALTO Demo Video 2 - UI Design Comps Overview,00:09:42,40,false,en,""
LvjeYzTf7Mo,Adding FOLIO Holdings,00:35:22,158,true,en,en
hNdJFbDfAmk,RIALTO Demo Video 1,00:09:36,162,false,en,""
-umaPRkUeGY,Martin Wong Catalogue Raisonn√© Introduction,00:05:24,764,true,en,en
K5ttaHwSh94,Spotlight on Spotlight Community Summit - Session 1,00:57:57,66,true,en,en
2GdVzIoQTfY,Sinopia 3.17 demo,00:04:19,63,true,en,en-US
xN2j1AJWgAU,Media Sprint 5 Demo,00:04:47,16,false,en,""
Mbjl37xycOY,Updating materials for access staff,00:51:00,77,true,en,en-US
3usVG_K4JqY,LD4P Authorities: keys and real world objects,00:00:00,0,false,"",""
1-GVrWpzfCA,Marc to RDF Validator Demo,00:00:00,0,false,"",""
_21685WlIKs,Preservation Sprint 19 Demo,00:00:00,0,false,"",""
EcWgdOcY81E,Spark/Kafka introduction,00:00:00,0,false,"",""
o0ctOwZRK68,Sinopia Sprint 4 Demo,00:00:00,0,false,"",""
GulbCtwAiLY,The REAL Preservation Sprint 12 demo,00:09:51,9,false,en,""
GGz8GoThSvY,Introduction to FOLIO Training,01:06:55,1489,true,en,en
